artist_name,album_name,album_img,album_year,track_name,track_id,danceability,energy,key,loudness,mode,speechiness,acousticness,instrumentalness,liveness,valence,tempo,duration_ms,time_signature
Cocteau Twins,Treasure Hiding: The Fontana Years,https://i.scdn.co/image/ab67616d0000b2731a482b27ab9ed0f467276a5f,2018,Know Who You Are At Every Age - Remastered 2006,0,0.578,0.671,4,-7.747,0,0.0269,0.00372,0.0,0.31,0.586,111.73,217293,4
Cocteau Twins,Treasure Hiding: The Fontana Years,https://i.scdn.co/image/ab67616d0000b2731a482b27ab9ed0f467276a5f,2018,Evangeline - Remastered 2006,1,0.477,0.593,0,-7.139,1,0.0274,0.155,7.91e-05,0.385,0.456,103.99,268693,4
Cocteau Twins,Treasure Hiding: The Fontana Years,https://i.scdn.co/image/ab67616d0000b2731a482b27ab9ed0f467276a5f,2018,Bluebeard - Remastered 2006,2,0.44,0.755,4,-5.866,1,0.0319,0.02,0.0,0.091,0.508,94.971,233773,4
Cocteau Twins,Treasure Hiding: The Fontana Years,https://i.scdn.co/image/ab67616d0000b2731a482b27ab9ed0f467276a5f,2018,"Theft, And Wandering Around Lost - Remastered 2006",3,0.406,0.598,0,-8.328,0,0.03,0.595,0.0112,0.114,0.491,149.918,268933,3
Cocteau Twins,Treasure Hiding: The Fontana Years,https://i.scdn.co/image/ab67616d0000b2731a482b27ab9ed0f467276a5f,2018,Oil Of Angels - Remastered 2006,4,0.706,0.443,5,-9.188,1,0.0305,0.0799,0.000629,0.106,0.389,119.956,277253,4
Cocteau Twins,Treasure Hiding: The Fontana Years,https://i.scdn.co/image/ab67616d0000b2731a482b27ab9ed0f467276a5f,2018,Squeeze-Wax - Remastered 2006,5,0.471,0.682,0,-7.105,1,0.0252,0.243,3.53e-06,0.237,0.599,94.943,226520,4
Cocteau Twins,Treasure Hiding: The Fontana Years,https://i.scdn.co/image/ab67616d0000b2731a482b27ab9ed0f467276a5f,2018,My Truth - Remastered 2006,6,0.416,0.46,9,-10.112,1,0.0402,0.299,0.00686,0.101,0.58,174.879,271800,3
Cocteau Twins,Treasure Hiding: The Fontana Years,https://i.scdn.co/image/ab67616d0000b2731a482b27ab9ed0f467276a5f,2018,Essence - Remastered 2006,7,0.0621,0.314,6,-11.793,0,0.035,0.438,0.778,0.315,0.0372,64.472,181053,4
Cocteau Twins,Treasure Hiding: The Fontana Years,https://i.scdn.co/image/ab67616d0000b2731a482b27ab9ed0f467276a5f,2018,Summerhead - Remastered 2006,8,0.437,0.7,7,-6.337,1,0.0285,0.0695,2.08e-05,0.242,0.557,95.002,217213,4
Cocteau Twins,Treasure Hiding: The Fontana Years,https://i.scdn.co/image/ab67616d0000b2731a482b27ab9ed0f467276a5f,2018,Pur - Remastered 2006,9,0.29,0.592,0,-7.49,1,0.0327,0.035,0.000205,0.11,0.0715,155.76,300893,4
Cocteau Twins,Treasure Hiding: The Fontana Years,https://i.scdn.co/image/ab67616d0000b2731a482b27ab9ed0f467276a5f,2018,Violaine - Remastered 2006,10,0.423,0.646,7,-8.451,1,0.0304,4.86e-05,0.0,0.346,0.679,134.067,225253,4
Cocteau Twins,Treasure Hiding: The Fontana Years,https://i.scdn.co/image/ab67616d0000b2731a482b27ab9ed0f467276a5f,2018,Serpentskirt - Remastered 2006,11,0.309,0.561,4,-6.716,0,0.031,0.284,0.000398,0.147,0.61,156.002,237240,4
Cocteau Twins,Treasure Hiding: The Fontana Years,https://i.scdn.co/image/ab67616d0000b2731a482b27ab9ed0f467276a5f,2018,Tishbite - Remastered 2006,12,0.355,0.683,9,-6.708,1,0.0334,0.529,0.662,0.0756,0.67,80.041,231787,4
Cocteau Twins,Treasure Hiding: The Fontana Years,https://i.scdn.co/image/ab67616d0000b2731a482b27ab9ed0f467276a5f,2018,Half-Gifts - Remastered 2006,13,0.434,0.43,0,-10.669,1,0.0285,0.716,0.0,0.117,0.328,88.685,258587,4
Cocteau Twins,Treasure Hiding: The Fontana Years,https://i.scdn.co/image/ab67616d0000b2731a482b27ab9ed0f467276a5f,2018,Calfskin Smack - Remastered 2006,14,0.398,0.695,5,-7.183,1,0.0299,0.0273,0.237,0.0821,0.564,140.035,298840,4
Cocteau Twins,Treasure Hiding: The Fontana Years,https://i.scdn.co/image/ab67616d0000b2731a482b27ab9ed0f467276a5f,2018,Rilkean Heart - Remastered 2006,15,0.402,0.576,4,-6.22,1,0.029,0.0938,0.0,0.0828,0.497,90.079,242640,4
Cocteau Twins,Treasure Hiding: The Fontana Years,https://i.scdn.co/image/ab67616d0000b2731a482b27ab9ed0f467276a5f,2018,Ups - Remastered 2006,16,0.222,0.754,9,-7.193,1,0.047,0.339,0.0033,0.349,0.716,113.412,216533,4
Cocteau Twins,Treasure Hiding: The Fontana Years,https://i.scdn.co/image/ab67616d0000b2731a482b27ab9ed0f467276a5f,2018,Eperdu - Remastered 2006,17,0.141,0.589,11,-7.364,1,0.0327,0.925,0.922,0.21,0.306,65.641,281413,4
Cocteau Twins,Treasure Hiding: The Fontana Years,https://i.scdn.co/image/ab67616d0000b2731a482b27ab9ed0f467276a5f,2018,Treasure Hiding - Remastered 2006,18,0.0947,0.341,0,-8.917,1,0.0318,0.0931,0.00338,0.31,0.168,73.643,293627,3
Cocteau Twins,Treasure Hiding: The Fontana Years,https://i.scdn.co/image/ab67616d0000b2731a482b27ab9ed0f467276a5f,2018,Seekers Who Are Lovers - Remastered 2006,19,0.313,0.549,7,-6.144,0,0.0348,0.0112,0.00254,0.135,0.423,80.06,279413,4
Cocteau Twins,Treasure Hiding: The Fontana Years,https://i.scdn.co/image/ab67616d0000b2731a482b27ab9ed0f467276a5f,2018,Mud And Dark,20,0.549,0.806,7,-6.223,1,0.0337,0.201,0.0117,0.188,0.563,118.37,221773,4
Cocteau Twins,Treasure Hiding: The Fontana Years,https://i.scdn.co/image/ab67616d0000b2731a482b27ab9ed0f467276a5f,2018,Summer-Blink,21,0.491,0.599,5,-6.741,1,0.0274,0.168,0.0,0.166,0.189,80.048,189653,4
Cocteau Twins,Treasure Hiding: The Fontana Years,https://i.scdn.co/image/ab67616d0000b2731a482b27ab9ed0f467276a5f,2018,Winter Wonderland,22,0.731,0.677,0,-9.669,1,0.0309,0.44,0.0136,0.0901,0.768,116.965,170800,4
Cocteau Twins,Treasure Hiding: The Fontana Years,https://i.scdn.co/image/ab67616d0000b2731a482b27ab9ed0f467276a5f,2018,Frosty The Snowman,23,0.593,0.724,7,-7.035,1,0.0288,0.0101,0.0015,0.322,0.744,120.052,175840,4
Cocteau Twins,Treasure Hiding: The Fontana Years,https://i.scdn.co/image/ab67616d0000b2731a482b27ab9ed0f467276a5f,2018,Three Swept,24,0.675,0.479,0,-11.531,1,0.0337,0.499,0.88,0.0983,0.382,110.017,216573,4
Cocteau Twins,Treasure Hiding: The Fontana Years,https://i.scdn.co/image/ab67616d0000b2731a482b27ab9ed0f467276a5f,2018,Ice Pulse,25,0.596,0.624,7,-8.564,1,0.0254,0.0229,0.000219,0.321,0.074,105.351,225720,4
Cocteau Twins,Treasure Hiding: The Fontana Years,https://i.scdn.co/image/ab67616d0000b2731a482b27ab9ed0f467276a5f,2018,Bluebeard - EP Version,26,0.569,0.328,4,-10.946,1,0.042,0.18,0.000252,0.101,0.711,99.575,188467,4
Cocteau Twins,Treasure Hiding: The Fontana Years,https://i.scdn.co/image/ab67616d0000b2731a482b27ab9ed0f467276a5f,2018,Rilkean Heart - EP Version,27,0.546,0.149,4,-12.861,1,0.0291,0.962,0.00223,0.1,0.253,89.262,142387,4
Cocteau Twins,Treasure Hiding: The Fontana Years,https://i.scdn.co/image/ab67616d0000b2731a482b27ab9ed0f467276a5f,2018,Golden-Vein - EP Version,28,0.395,0.22,9,-13.802,1,0.0304,0.964,0.678,0.0952,0.0905,149.951,170920,3
Cocteau Twins,Treasure Hiding: The Fontana Years,https://i.scdn.co/image/ab67616d0000b2731a482b27ab9ed0f467276a5f,2018,Pink Orange Red - EP Version,29,0.523,0.138,0,-15.222,1,0.0351,0.974,0.487,0.0943,0.078,87.04,271227,4
Cocteau Twins,Treasure Hiding: The Fontana Years,https://i.scdn.co/image/ab67616d0000b2731a482b27ab9ed0f467276a5f,2018,Half-Gifts - EP Version,30,0.181,0.195,0,-13.211,1,0.0334,0.908,0.000263,0.0936,0.165,77.02,254653,1
Cocteau Twins,Treasure Hiding: The Fontana Years,https://i.scdn.co/image/ab67616d0000b2731a482b27ab9ed0f467276a5f,2018,Feet Like Fins,31,0.281,0.466,7,-13.503,1,0.0554,0.979,0.981,0.0808,0.0694,99.796,330880,4
Cocteau Twins,Treasure Hiding: The Fontana Years,https://i.scdn.co/image/ab67616d0000b2731a482b27ab9ed0f467276a5f,2018,Seekers Who Are Lovers - EP Version,32,0.601,0.662,10,-10.385,1,0.0293,0.000732,0.753,0.136,0.196,79.884,341853,4
Cocteau Twins,Treasure Hiding: The Fontana Years,https://i.scdn.co/image/ab67616d0000b2731a482b27ab9ed0f467276a5f,2018,Violaine - EP Version,33,0.73,0.309,7,-16.102,1,0.0501,0.123,0.314,0.0538,0.556,134.047,307613,4
Cocteau Twins,Treasure Hiding: The Fontana Years,https://i.scdn.co/image/ab67616d0000b2731a482b27ab9ed0f467276a5f,2018,Cherry Coloured Funk - Seefeel Remix,34,0.241,0.399,6,-10.67,0,0.056,0.965,0.849,0.271,0.0483,122.378,347240,4
Cocteau Twins,Treasure Hiding: The Fontana Years,https://i.scdn.co/image/ab67616d0000b2731a482b27ab9ed0f467276a5f,2018,Tishbite - Single Version,35,0.376,0.748,9,-5.946,1,0.0333,0.36,3.62e-05,0.0806,0.877,160.079,193427,4
Cocteau Twins,Treasure Hiding: The Fontana Years,https://i.scdn.co/image/ab67616d0000b2731a482b27ab9ed0f467276a5f,2018,Primitive Heart,36,0.633,0.638,0,-8.248,1,0.0301,0.387,0.0,0.0559,0.724,109.873,247493,4
Cocteau Twins,Treasure Hiding: The Fontana Years,https://i.scdn.co/image/ab67616d0000b2731a482b27ab9ed0f467276a5f,2018,Flock Of Soul,37,0.445,0.598,4,-8.765,0,0.0249,0.504,6.68e-06,0.32,0.728,87.012,216400,4
Cocteau Twins,Treasure Hiding: The Fontana Years,https://i.scdn.co/image/ab67616d0000b2731a482b27ab9ed0f467276a5f,2018,Round,38,0.239,0.625,9,-8.13,1,0.0358,0.0632,0.000639,0.108,0.201,186.057,216760,4
Cocteau Twins,Treasure Hiding: The Fontana Years,https://i.scdn.co/image/ab67616d0000b2731a482b27ab9ed0f467276a5f,2018,An Elan,39,0.443,0.671,0,-7.716,1,0.0289,0.543,0.000627,0.062,0.326,111.901,275853,4
Cocteau Twins,Treasure Hiding: The Fontana Years,https://i.scdn.co/image/ab67616d0000b2731a482b27ab9ed0f467276a5f,2018,Smile,40,0.48,0.613,6,-8.182,0,0.0293,0.303,0.997,0.111,0.67,74.892,265987,4
Cocteau Twins,Treasure Hiding: The Fontana Years,https://i.scdn.co/image/ab67616d0000b2731a482b27ab9ed0f467276a5f,2018,Tranquil Eye,41,0.106,0.446,4,-12.481,1,0.0422,0.788,0.974,0.147,0.213,178.729,234573,4
Cocteau Twins,Treasure Hiding: The Fontana Years,https://i.scdn.co/image/ab67616d0000b2731a482b27ab9ed0f467276a5f,2018,Circling Girl,42,0.289,0.796,9,-6.156,1,0.0423,0.138,0.00122,0.119,0.327,159.971,213013,3
Cocteau Twins,Treasure Hiding: The Fontana Years,https://i.scdn.co/image/ab67616d0000b2731a482b27ab9ed0f467276a5f,2018,Alice,43,0.401,0.337,10,-11.745,0,0.0312,0.989,0.903,0.0665,0.191,139.783,269680,4
Cocteau Twins,Treasure Hiding: The Fontana Years,https://i.scdn.co/image/ab67616d0000b2731a482b27ab9ed0f467276a5f,2018,Circling Girl - Volume Magazine Version,44,0.296,0.655,9,-7.644,1,0.0319,0.336,0.0263,0.141,0.498,79.969,216147,3
Cocteau Twins,Treasure Hiding: The Fontana Years,https://i.scdn.co/image/ab67616d0000b2731a482b27ab9ed0f467276a5f,2018,Touch Upon Touch - Volume Magazine Version,45,0.252,0.396,7,-11.621,0,0.0332,0.532,0.0894,0.099,0.138,144.699,246853,4
Cocteau Twins,Treasure Hiding: The Fontana Years,https://i.scdn.co/image/ab67616d0000b2731a482b27ab9ed0f467276a5f,2018,Serpentskirt - Mark Radcliffe BBC Session,46,0.452,0.525,2,-8.458,1,0.0248,0.00635,0.566,0.0974,0.591,82.916,226227,4
Cocteau Twins,Treasure Hiding: The Fontana Years,https://i.scdn.co/image/ab67616d0000b2731a482b27ab9ed0f467276a5f,2018,Golden-Vein - Mark Radcliffe BBC Session,47,0.175,0.244,9,-10.742,1,0.0321,0.327,0.0267,0.108,0.0631,150.385,166973,3
Cocteau Twins,Treasure Hiding: The Fontana Years,https://i.scdn.co/image/ab67616d0000b2731a482b27ab9ed0f467276a5f,2018,Half-Gifts - Mark Radcliffe BBC Session,48,0.349,0.307,0,-11.419,1,0.0312,0.858,0.706,0.096,0.0653,95.877,230573,4
Cocteau Twins,Treasure Hiding: The Fontana Years,https://i.scdn.co/image/ab67616d0000b2731a482b27ab9ed0f467276a5f,2018,Seekers Who Are Lovers - Mark Radcliffe BBC Session,49,0.23,0.795,7,-6.701,0,0.0492,0.0102,0.629,0.0838,0.47,168.695,262787,4
Cocteau Twins,Lullabies To Violaine (Volume One),https://i.scdn.co/image/ab67616d0000b273b5ce0e7878ee137c11d36c29,2006,Feathers Oar-Blades,0,0.41,0.67,3,-8.327,1,0.0452,4.51e-06,0.77,0.072,0.465,145.623,266640,4
Cocteau Twins,Lullabies To Violaine (Volume One),https://i.scdn.co/image/ab67616d0000b273b5ce0e7878ee137c11d36c29,2006,Alas Dies Laughing,1,0.177,0.745,3,-11.126,1,0.0983,1.68e-05,0.713,0.335,0.25,84.595,218080,3
Cocteau Twins,Lullabies To Violaine (Volume One),https://i.scdn.co/image/ab67616d0000b273b5ce0e7878ee137c11d36c29,2006,It's All But an Ark Lark,2,0.455,0.91,3,-7.849,1,0.0658,7.89e-05,0.737,0.0928,0.179,112.538,484080,3
Cocteau Twins,Lullabies To Violaine (Volume One),https://i.scdn.co/image/ab67616d0000b273b5ce0e7878ee137c11d36c29,2006,"Peppermint Pig - 7"" Version",3,0.508,0.81,9,-9.481,0,0.0498,1.1e-06,0.924,0.0917,0.566,127.299,204413,4
Cocteau Twins,Lullabies To Violaine (Volume One),https://i.scdn.co/image/ab67616d0000b273b5ce0e7878ee137c11d36c29,2006,Laughlines,4,0.597,0.774,10,-9.133,0,0.0272,4.13e-06,0.867,0.468,0.192,132.194,199920,3
Cocteau Twins,Lullabies To Violaine (Volume One),https://i.scdn.co/image/ab67616d0000b273b5ce0e7878ee137c11d36c29,2006,Hazel,5,0.303,0.728,11,-9.377,0,0.0453,3.32e-06,0.954,0.131,0.673,132.628,169453,3
Cocteau Twins,Lullabies To Violaine (Volume One),https://i.scdn.co/image/ab67616d0000b273b5ce0e7878ee137c11d36c29,2006,Sugar Hiccup,6,0.265,0.868,7,-8.765,1,0.0528,4.97e-05,0.914,0.524,0.261,169.797,217933,3
Cocteau Twins,Lullabies To Violaine (Volume One),https://i.scdn.co/image/ab67616d0000b273b5ce0e7878ee137c11d36c29,2006,From the Flagstones,7,0.207,0.771,9,-9.736,1,0.0433,0.000279,0.45,0.308,0.161,79.894,218000,4
Cocteau Twins,Lullabies To Violaine (Volume One),https://i.scdn.co/image/ab67616d0000b273b5ce0e7878ee137c11d36c29,2006,Hitherto,8,0.241,0.709,10,-9.925,1,0.0661,2.91e-05,0.818,0.272,0.346,126.058,232187,3
Cocteau Twins,Lullabies To Violaine (Volume One),https://i.scdn.co/image/ab67616d0000b273b5ce0e7878ee137c11d36c29,2006,Because of Whirl-Jack,9,0.325,0.938,10,-7.429,1,0.0909,6.05e-05,0.0697,0.345,0.137,148.94,206920,4
Cocteau Twins,Lullabies To Violaine (Volume One),https://i.scdn.co/image/ab67616d0000b273b5ce0e7878ee137c11d36c29,2006,The Spangle Maker,10,0.478,0.556,0,-11.863,1,0.0345,7.9e-05,0.883,0.324,0.34,196.158,280107,4
Cocteau Twins,Lullabies To Violaine (Volume One),https://i.scdn.co/image/ab67616d0000b273b5ce0e7878ee137c11d36c29,2006,Pearly-Dewdrops' Drops - Alternate Version,11,0.266,0.663,7,-9.218,1,0.038,5.62e-06,0.0859,0.177,0.504,179.841,287107,3
Cocteau Twins,Lullabies To Violaine (Volume One),https://i.scdn.co/image/ab67616d0000b273b5ce0e7878ee137c11d36c29,2006,Pepper-Tree,12,0.393,0.448,10,-16.445,1,0.0363,0.748,0.0362,0.169,0.196,180.526,238227,3
Cocteau Twins,Lullabies To Violaine (Volume One),https://i.scdn.co/image/ab67616d0000b273b5ce0e7878ee137c11d36c29,2006,Aikea-Guinea - Alternate Version,13,0.271,0.824,2,-6.213,1,0.049,0.00103,2.69e-05,0.0918,0.391,171.086,237333,4
Cocteau Twins,Lullabies To Violaine (Volume One),https://i.scdn.co/image/ab67616d0000b273b5ce0e7878ee137c11d36c29,2006,Kookaburra,14,0.133,0.74,7,-9.701,1,0.0527,0.000199,0.0097,0.12,0.439,201.42,198933,4
Cocteau Twins,Lullabies To Violaine (Volume One),https://i.scdn.co/image/ab67616d0000b273b5ce0e7878ee137c11d36c29,2006,Quisquose,15,0.46,0.736,7,-9.177,1,0.0385,0.0709,3.71e-06,0.208,0.379,108.704,250307,4
Cocteau Twins,Lullabies To Violaine (Volume One),https://i.scdn.co/image/ab67616d0000b273b5ce0e7878ee137c11d36c29,2006,Rococo,16,0.481,0.653,2,-12.542,1,0.0503,0.000335,0.942,0.0931,0.0818,119.762,185933,3
Cocteau Twins,Lullabies To Violaine (Volume One),https://i.scdn.co/image/ab67616d0000b273b5ce0e7878ee137c11d36c29,2006,Pink Orange Red,17,0.347,0.454,0,-9.735,1,0.0308,7.46e-05,0.547,0.146,0.0904,90.885,277973,4
Cocteau Twins,Lullabies To Violaine (Volume One),https://i.scdn.co/image/ab67616d0000b273b5ce0e7878ee137c11d36c29,2006,Ribbed and Veined,18,0.483,0.689,4,-8.866,0,0.032,0.0174,0.857,0.16,0.342,138.073,235267,4
Cocteau Twins,Lullabies To Violaine (Volume One),https://i.scdn.co/image/ab67616d0000b273b5ce0e7878ee137c11d36c29,2006,Plain Tiger,19,0.459,0.725,7,-8.224,1,0.0361,0.000608,0.0746,0.0707,0.117,107.617,241587,4
Cocteau Twins,Lullabies To Violaine (Volume One),https://i.scdn.co/image/ab67616d0000b273b5ce0e7878ee137c11d36c29,2006,Sultitan Itan,20,0.36,0.524,7,-11.25,1,0.0287,0.000375,0.0259,0.357,0.381,150.317,229507,3
Cocteau Twins,Lullabies To Violaine (Volume One),https://i.scdn.co/image/ab67616d0000b273b5ce0e7878ee137c11d36c29,2006,Great Spangled Fritillary,21,0.367,0.585,9,-10.455,0,0.0449,0.163,0.349,0.0745,0.344,173.319,242200,3
Cocteau Twins,Lullabies To Violaine (Volume One),https://i.scdn.co/image/ab67616d0000b273b5ce0e7878ee137c11d36c29,2006,Melonella,22,0.393,0.673,5,-5.848,0,0.0299,0.00747,0.00664,0.175,0.354,88.695,241227,3
Cocteau Twins,Lullabies To Violaine (Volume One),https://i.scdn.co/image/ab67616d0000b273b5ce0e7878ee137c11d36c29,2006,Pale Clouded White,23,0.41,0.676,7,-9.022,0,0.0368,2.01e-05,0.0528,0.194,0.184,102.496,299947,3
Cocteau Twins,Lullabies To Violaine (Volume One),https://i.scdn.co/image/ab67616d0000b273b5ce0e7878ee137c11d36c29,2006,Eggs and Their Shells,24,0.504,0.651,11,-8.68,0,0.027,0.0428,0.000644,0.175,0.574,106.177,184373,4
Cocteau Twins,Lullabies To Violaine (Volume One),https://i.scdn.co/image/ab67616d0000b273b5ce0e7878ee137c11d36c29,2006,Love's Easy Tears,25,0.242,0.468,4,-8.831,0,0.0396,6.56e-06,0.121,0.0963,0.333,57.246,215520,4
Cocteau Twins,Lullabies To Violaine (Volume One),https://i.scdn.co/image/ab67616d0000b273b5ce0e7878ee137c11d36c29,2006,"Those Eyes, That Mouth",26,0.401,0.675,11,-7.961,0,0.0425,4.09e-05,0.825,0.0763,0.27,120.011,218200,3
Cocteau Twins,Lullabies To Violaine (Volume One),https://i.scdn.co/image/ab67616d0000b273b5ce0e7878ee137c11d36c29,2006,Sigh's Smell of Farewell,27,0.415,0.459,0,-9.278,1,0.026,0.000433,0.656,0.258,0.439,99.876,214040,4
Cocteau Twins,Lullabies To Violaine (Volume One),https://i.scdn.co/image/ab67616d0000b273b5ce0e7878ee137c11d36c29,2006,Orange Appled,28,0.404,0.816,3,-7.295,1,0.0397,0.000376,0.301,0.106,0.492,101.57,169747,4
Cocteau Twins,Lullabies To Violaine (Volume One),https://i.scdn.co/image/ab67616d0000b273b5ce0e7878ee137c11d36c29,2006,Iceblink Luck,29,0.396,0.812,9,-5.704,1,0.0331,7.19e-05,0.0117,0.328,0.5,102.151,198667,4
Cocteau Twins,Lullabies To Violaine (Volume One),https://i.scdn.co/image/ab67616d0000b273b5ce0e7878ee137c11d36c29,2006,Mizake the Mizan,30,0.493,0.645,0,-9.669,1,0.0285,3.3e-05,0.0343,0.0938,0.599,107.299,180293,4
Cocteau Twins,Lullabies To Violaine (Volume One),https://i.scdn.co/image/ab67616d0000b273b5ce0e7878ee137c11d36c29,2006,Watchlar,31,0.67,0.559,4,-9.312,1,0.0352,0.269,0.703,0.0921,0.978,150.403,196000,4
Cocteau Twins,Stars And Topsoil - A Collection 1982-1990,https://i.scdn.co/image/ab67616d0000b273e6df3c736c00f5ab582f4500,2000,Blind Dumb Deaf,0,0.457,0.937,0,-5.569,1,0.0575,0.0358,0.918,0.368,0.4,95.353,226867,3
Cocteau Twins,Stars And Topsoil - A Collection 1982-1990,https://i.scdn.co/image/ab67616d0000b273e6df3c736c00f5ab582f4500,2000,Sugar Hiccup,1,0.0999,0.866,2,-10.024,1,0.11,7.62e-05,0.975,0.226,0.15,169.427,221467,3
Cocteau Twins,Stars And Topsoil - A Collection 1982-1990,https://i.scdn.co/image/ab67616d0000b273e6df3c736c00f5ab582f4500,2000,My Love Paramour,2,0.356,0.774,0,-10.837,1,0.0644,0.00034,0.408,0.0809,0.332,177.11,218227,4
Cocteau Twins,Stars And Topsoil - A Collection 1982-1990,https://i.scdn.co/image/ab67616d0000b273e6df3c736c00f5ab582f4500,2000,Pearly-Dewdrops' Drops,3,0.394,0.696,7,-10.143,1,0.0309,0.00014,0.147,0.55,0.521,179.226,251600,3
Cocteau Twins,Stars And Topsoil - A Collection 1982-1990,https://i.scdn.co/image/ab67616d0000b273e6df3c736c00f5ab582f4500,2000,Lorelei,4,0.373,0.679,0,-9.195,1,0.0393,7.83e-05,0.116,0.247,0.42,90.974,223267,4
Cocteau Twins,Stars And Topsoil - A Collection 1982-1990,https://i.scdn.co/image/ab67616d0000b273e6df3c736c00f5ab582f4500,2000,Pandora,5,0.464,0.533,0,-10.362,1,0.0249,0.0944,0.203,0.14,0.203,158.252,326040,3
Cocteau Twins,Stars And Topsoil - A Collection 1982-1990,https://i.scdn.co/image/ab67616d0000b273e6df3c736c00f5ab582f4500,2000,Aikea-Guinea,6,0.318,0.797,2,-9.696,1,0.0465,0.0081,0.0291,0.242,0.387,171.265,237960,4
Cocteau Twins,Stars And Topsoil - A Collection 1982-1990,https://i.scdn.co/image/ab67616d0000b273e6df3c736c00f5ab582f4500,2000,Pink Orange Red,7,0.347,0.454,0,-9.735,1,0.0308,7.46e-05,0.547,0.146,0.0904,90.885,277973,4
Cocteau Twins,Stars And Topsoil - A Collection 1982-1990,https://i.scdn.co/image/ab67616d0000b273e6df3c736c00f5ab582f4500,2000,Pale Clouded White,8,0.41,0.676,7,-9.022,0,0.0368,2.01e-05,0.0528,0.194,0.184,102.496,299947,3
Cocteau Twins,Stars And Topsoil - A Collection 1982-1990,https://i.scdn.co/image/ab67616d0000b273e6df3c736c00f5ab582f4500,2000,Lazy Calm,9,0.174,0.266,11,-14.468,0,0.0334,0.986,0.922,0.102,0.0718,82.726,394560,4
Cocteau Twins,Stars And Topsoil - A Collection 1982-1990,https://i.scdn.co/image/ab67616d0000b273e6df3c736c00f5ab582f4500,2000,The Thinner The Air,10,0.491,0.302,0,-12.898,0,0.0321,0.754,0.971,0.112,0.0729,89.837,196133,4
Cocteau Twins,Stars And Topsoil - A Collection 1982-1990,https://i.scdn.co/image/ab67616d0000b273e6df3c736c00f5ab582f4500,2000,Orange Appled,11,0.404,0.816,3,-7.295,1,0.0397,0.000376,0.301,0.106,0.492,101.57,169747,4
Cocteau Twins,Stars And Topsoil - A Collection 1982-1990,https://i.scdn.co/image/ab67616d0000b273e6df3c736c00f5ab582f4500,2000,Cico Buff,12,0.511,0.566,0,-9.978,1,0.0278,0.389,0.000526,0.192,0.363,134.132,226293,4
Cocteau Twins,Stars And Topsoil - A Collection 1982-1990,https://i.scdn.co/image/ab67616d0000b273e6df3c736c00f5ab582f4500,2000,Carolyn's Fingers,13,0.37,0.653,7,-9.338,1,0.0319,0.0146,0.0116,0.177,0.556,92.551,186307,1
Cocteau Twins,Stars And Topsoil - A Collection 1982-1990,https://i.scdn.co/image/ab67616d0000b273e6df3c736c00f5ab582f4500,2000,Fifty-fifty Clown,14,0.481,0.694,0,-7.38,0,0.0272,0.0488,0.0738,0.111,0.374,180.117,190213,3
Cocteau Twins,Stars And Topsoil - A Collection 1982-1990,https://i.scdn.co/image/ab67616d0000b273e6df3c736c00f5ab582f4500,2000,Iceblink Luck,15,0.396,0.812,9,-5.704,1,0.0331,7.19e-05,0.0117,0.328,0.5,102.151,198667,4
Cocteau Twins,Stars And Topsoil - A Collection 1982-1990,https://i.scdn.co/image/ab67616d0000b273e6df3c736c00f5ab582f4500,2000,Heaven or Las Vegas,16,0.202,0.804,7,-5.465,1,0.0383,6.97e-05,0.00775,0.081,0.418,179.911,298400,4
Cocteau Twins,Stars And Topsoil - A Collection 1982-1990,https://i.scdn.co/image/ab67616d0000b273e6df3c736c00f5ab582f4500,2000,Watchlar,17,0.67,0.559,4,-9.312,1,0.0352,0.269,0.703,0.0921,0.978,150.403,196000,4
Cocteau Twins,Milk & Kisses,https://i.scdn.co/image/ab67616d0000b2734646b84049aa93766cece612,1996,Violaine - Remastered 2006,0,0.42,0.691,7,-8.479,1,0.0305,5.11e-05,0.0,0.472,0.656,134.09,225800,4
Cocteau Twins,Milk & Kisses,https://i.scdn.co/image/ab67616d0000b2734646b84049aa93766cece612,1996,Serpentskirt - Remastered 2006,1,0.302,0.554,4,-6.678,0,0.0311,0.278,0.000129,0.332,0.53,155.972,237240,4
Cocteau Twins,Milk & Kisses,https://i.scdn.co/image/ab67616d0000b2734646b84049aa93766cece612,1996,Tishbite - Remastered 2006,2,0.351,0.685,9,-6.705,1,0.0324,0.518,0.863,0.0709,0.723,80.056,231787,4
Cocteau Twins,Milk & Kisses,https://i.scdn.co/image/ab67616d0000b2734646b84049aa93766cece612,1996,Half-Gifts - Remastered 2006,3,0.434,0.429,0,-10.679,1,0.0289,0.708,2.21e-06,0.118,0.333,88.67,258587,4
Cocteau Twins,Milk & Kisses,https://i.scdn.co/image/ab67616d0000b2734646b84049aa93766cece612,1996,Calfskin Smack - Remastered 2006,4,0.401,0.701,5,-7.147,1,0.0294,0.0273,0.154,0.0863,0.535,139.986,298840,4
Cocteau Twins,Milk & Kisses,https://i.scdn.co/image/ab67616d0000b2734646b84049aa93766cece612,1996,Rilkean Heart - Remastered 2006,5,0.4,0.574,4,-6.25,1,0.0292,0.081,1.45e-06,0.0734,0.517,90.024,242640,4
Cocteau Twins,Milk & Kisses,https://i.scdn.co/image/ab67616d0000b2734646b84049aa93766cece612,1996,Ups - Remastered 2006,6,0.312,0.768,9,-7.164,1,0.041,0.347,0.00222,0.289,0.749,170.036,216533,3
Cocteau Twins,Milk & Kisses,https://i.scdn.co/image/ab67616d0000b2734646b84049aa93766cece612,1996,Eperdu - Remastered 2006,7,0.339,0.575,11,-7.281,1,0.0301,0.928,0.93,0.119,0.362,70.233,281413,4
Cocteau Twins,Milk & Kisses,https://i.scdn.co/image/ab67616d0000b2734646b84049aa93766cece612,1996,Treasure Hiding - Remastered 2006,8,0.2,0.347,0,-8.909,1,0.0312,0.077,0.00318,0.302,0.183,150.04,293627,3
Cocteau Twins,Milk & Kisses,https://i.scdn.co/image/ab67616d0000b2734646b84049aa93766cece612,1996,Seekers Who Are Lovers - Remastered 2006,9,0.251,0.518,7,-6.199,0,0.0357,0.00866,0.00459,0.175,0.427,79.814,279560,4
Cocteau Twins,Milk & Kisses,https://i.scdn.co/image/ab67616d0000b27372794a02454878876b884db9,1996,Violaine,0,0.513,0.744,7,-7.226,1,0.0285,0.04,0.0,0.284,0.561,134.03,225560,4
Cocteau Twins,Milk & Kisses,https://i.scdn.co/image/ab67616d0000b27372794a02454878876b884db9,1996,Serpentskirt,1,0.451,0.583,4,-6.481,0,0.0244,0.595,2.99e-05,0.195,0.582,77.945,237600,4
Cocteau Twins,Milk & Kisses,https://i.scdn.co/image/ab67616d0000b27372794a02454878876b884db9,1996,Tishbite,2,0.427,0.749,9,-5.192,1,0.0308,0.589,0.315,0.0769,0.795,80.007,230467,4
Cocteau Twins,Milk & Kisses,https://i.scdn.co/image/ab67616d0000b27372794a02454878876b884db9,1996,Half-Gifts,3,0.476,0.378,0,-11.326,1,0.0283,0.869,8.7e-05,0.1,0.399,88.643,258067,4
Cocteau Twins,Milk & Kisses,https://i.scdn.co/image/ab67616d0000b27372794a02454878876b884db9,1996,Calfskin Smack,4,0.449,0.791,5,-5.882,1,0.0279,0.168,0.0682,0.0752,0.682,139.888,298800,4
Cocteau Twins,Milk & Kisses,https://i.scdn.co/image/ab67616d0000b27372794a02454878876b884db9,1996,Rilkean Heart,5,0.305,0.712,4,-4.994,1,0.0319,0.221,0.0,0.147,0.611,179.893,242333,4
Cocteau Twins,Milk & Kisses,https://i.scdn.co/image/ab67616d0000b27372794a02454878876b884db9,1996,Ups,6,0.242,0.802,9,-6.546,1,0.0495,0.241,0.00171,0.134,0.788,113.32,214440,4
Cocteau Twins,Milk & Kisses,https://i.scdn.co/image/ab67616d0000b27372794a02454878876b884db9,1996,Eperdu,7,0.395,0.563,11,-8.696,1,0.0275,0.882,0.121,0.75,0.417,140.013,278333,4
Cocteau Twins,Milk & Kisses,https://i.scdn.co/image/ab67616d0000b27372794a02454878876b884db9,1996,Treasure Hiding,8,0.274,0.437,0,-6.45,1,0.0301,0.167,0.00852,0.3,0.185,149.797,295000,4
Cocteau Twins,Milk & Kisses,https://i.scdn.co/image/ab67616d0000b27372794a02454878876b884db9,1996,Seekers Who Are Lovers,9,0.324,0.711,5,-6.024,1,0.033,0.0829,0.0916,0.191,0.555,79.872,285173,4
Cocteau Twins,Milk & Kisses,https://i.scdn.co/image/ab67616d0000b273053229caeedcfb9bcc66f0b3,1996,Violaine - Remastered 2006,0,0.42,0.691,7,-8.479,1,0.0305,5.11e-05,0.0,0.472,0.656,134.09,225800,4
Cocteau Twins,Milk & Kisses,https://i.scdn.co/image/ab67616d0000b273053229caeedcfb9bcc66f0b3,1996,Serpentskirt - Remastered 2006,1,0.302,0.554,4,-6.678,0,0.0311,0.278,0.000129,0.332,0.53,155.972,237240,4
Cocteau Twins,Milk & Kisses,https://i.scdn.co/image/ab67616d0000b273053229caeedcfb9bcc66f0b3,1996,Tishbite - Remastered 2006,2,0.351,0.685,9,-6.705,1,0.0324,0.518,0.863,0.0709,0.723,80.056,231787,4
Cocteau Twins,Milk & Kisses,https://i.scdn.co/image/ab67616d0000b273053229caeedcfb9bcc66f0b3,1996,Half-Gifts - Remastered 2006,3,0.434,0.429,0,-10.679,1,0.0289,0.708,2.21e-06,0.118,0.333,88.67,258587,4
Cocteau Twins,Milk & Kisses,https://i.scdn.co/image/ab67616d0000b273053229caeedcfb9bcc66f0b3,1996,Calfskin Smack - Remastered 2006,4,0.401,0.701,5,-7.147,1,0.0294,0.0273,0.154,0.0863,0.535,139.986,298840,4
Cocteau Twins,Milk & Kisses,https://i.scdn.co/image/ab67616d0000b273053229caeedcfb9bcc66f0b3,1996,Rilkean Heart - Remastered 2006,5,0.4,0.574,4,-6.25,1,0.0292,0.081,1.45e-06,0.0734,0.517,90.024,242640,4
Cocteau Twins,Milk & Kisses,https://i.scdn.co/image/ab67616d0000b273053229caeedcfb9bcc66f0b3,1996,Ups - Remastered 2006,6,0.312,0.768,9,-7.164,1,0.041,0.347,0.00222,0.289,0.749,170.036,216533,3
Cocteau Twins,Milk & Kisses,https://i.scdn.co/image/ab67616d0000b273053229caeedcfb9bcc66f0b3,1996,Eperdu - Remastered 2006,7,0.339,0.575,11,-7.281,1,0.0301,0.928,0.93,0.119,0.362,70.233,281413,4
Cocteau Twins,Milk & Kisses,https://i.scdn.co/image/ab67616d0000b273053229caeedcfb9bcc66f0b3,1996,Treasure Hiding - Remastered 2006,8,0.2,0.347,0,-8.909,1,0.0312,0.077,0.00318,0.302,0.183,150.04,293627,3
Cocteau Twins,Milk & Kisses,https://i.scdn.co/image/ab67616d0000b273053229caeedcfb9bcc66f0b3,1996,Seekers Who Are Lovers - Remastered 2006,9,0.251,0.518,7,-6.199,0,0.0357,0.00866,0.00459,0.175,0.427,79.814,279560,4
Cocteau Twins,Milk & Kisses,https://i.scdn.co/image/ab67616d0000b273d04affdac4fe85df3c51b546,1996,Violaine,0,0.418,0.688,7,-8.522,1,0.0305,5.81e-05,0.0,0.178,0.678,134.078,228480,4
Cocteau Twins,Milk & Kisses,https://i.scdn.co/image/ab67616d0000b273d04affdac4fe85df3c51b546,1996,Serpentskirt,1,0.297,0.561,4,-6.665,0,0.031,0.25,0.000298,0.254,0.574,156.047,239920,4
Cocteau Twins,Milk & Kisses,https://i.scdn.co/image/ab67616d0000b273d04affdac4fe85df3c51b546,1996,Tishbite,2,0.352,0.678,9,-6.736,1,0.0333,0.494,0.814,0.0511,0.728,80.058,234467,4
Cocteau Twins,Milk & Kisses,https://i.scdn.co/image/ab67616d0000b273d04affdac4fe85df3c51b546,1996,Half-Gifts,3,0.43,0.44,0,-10.679,1,0.0282,0.706,1.36e-06,0.121,0.325,88.669,261267,4
Cocteau Twins,Milk & Kisses,https://i.scdn.co/image/ab67616d0000b273d04affdac4fe85df3c51b546,1996,Calfskin Smack,4,0.399,0.706,5,-7.199,1,0.0293,0.028,0.226,0.0718,0.544,140.109,301520,4
Cocteau Twins,Milk & Kisses,https://i.scdn.co/image/ab67616d0000b273d04affdac4fe85df3c51b546,1996,rilkean Heart,5,0.251,0.572,4,-6.257,1,0.0324,0.0856,0.0,0.0696,0.442,180.155,245320,4
Cocteau Twins,Milk & Kisses,https://i.scdn.co/image/ab67616d0000b273d04affdac4fe85df3c51b546,1996,Ups,6,0.313,0.762,9,-7.188,1,0.0392,0.34,0.00323,0.28,0.735,170.003,219213,3
Cocteau Twins,Milk & Kisses,https://i.scdn.co/image/ab67616d0000b273d04affdac4fe85df3c51b546,1996,Eperdu,7,0.364,0.577,11,-7.34,1,0.0306,0.927,0.943,0.176,0.322,140.072,284093,4
Cocteau Twins,Milk & Kisses,https://i.scdn.co/image/ab67616d0000b273d04affdac4fe85df3c51b546,1996,Treasure Hiding,8,0.188,0.35,0,-8.959,1,0.0317,0.0823,0.00179,0.146,0.18,149.778,296307,3
Cocteau Twins,Milk & Kisses,https://i.scdn.co/image/ab67616d0000b273d04affdac4fe85df3c51b546,1996,Seekers Who Are Lovers,9,0.297,0.521,7,-6.205,0,0.0352,0.0088,0.00509,0.169,0.455,80.045,279560,4
Cocteau Twins,Four Calender Cafe,https://i.scdn.co/image/ab67616d0000b273b16f4db912c51dad240cd81f,1993,Know Who You Are At Every Age - Remastered 2006,0,0.585,0.675,4,-7.79,0,0.027,0.00368,1.8e-06,0.132,0.634,111.708,217800,4
Cocteau Twins,Four Calender Cafe,https://i.scdn.co/image/ab67616d0000b273b16f4db912c51dad240cd81f,1993,Evangeline - Remastered 2006,1,0.47,0.587,0,-7.154,1,0.0276,0.125,7.28e-05,0.387,0.478,103.968,268693,4
Cocteau Twins,Four Calender Cafe,https://i.scdn.co/image/ab67616d0000b273b16f4db912c51dad240cd81f,1993,Bluebeard - Remastered 2006,2,0.448,0.756,4,-5.941,1,0.0315,0.0183,0.0,0.132,0.547,94.995,233773,4
Cocteau Twins,Four Calender Cafe,https://i.scdn.co/image/ab67616d0000b273b16f4db912c51dad240cd81f,1993,"Theft, And Wandering Around Lost - Remastered 2006",3,0.402,0.594,0,-8.323,0,0.0296,0.615,0.0293,0.106,0.459,149.962,268933,3
Cocteau Twins,Four Calender Cafe,https://i.scdn.co/image/ab67616d0000b273b16f4db912c51dad240cd81f,1993,Oil Of Angels - Remastered 2006,4,0.706,0.433,5,-9.207,1,0.0298,0.0738,0.00144,0.0996,0.364,119.96,277253,4
Cocteau Twins,Four Calender Cafe,https://i.scdn.co/image/ab67616d0000b273b16f4db912c51dad240cd81f,1993,Squeeze-Wax - Remastered 2006,5,0.463,0.684,0,-7.129,1,0.0251,0.258,3.89e-06,0.178,0.632,94.946,226520,4
Cocteau Twins,Four Calender Cafe,https://i.scdn.co/image/ab67616d0000b273b16f4db912c51dad240cd81f,1993,My Truth - Remastered 2006,6,0.421,0.472,9,-10.176,1,0.037,0.306,0.00706,0.0995,0.62,174.891,271800,3
Cocteau Twins,Four Calender Cafe,https://i.scdn.co/image/ab67616d0000b273b16f4db912c51dad240cd81f,1993,Essence - Remastered 2006,7,0.144,0.313,6,-11.874,0,0.0335,0.511,0.806,0.305,0.0367,140.493,181053,4
Cocteau Twins,Four Calender Cafe,https://i.scdn.co/image/ab67616d0000b273b16f4db912c51dad240cd81f,1993,Summerhead - Remastered 2006,8,0.439,0.71,7,-6.366,1,0.028,0.0681,2.27e-05,0.207,0.563,94.991,217213,4
Cocteau Twins,Four Calender Cafe,https://i.scdn.co/image/ab67616d0000b273b16f4db912c51dad240cd81f,1993,Pur - Remastered 2006,9,0.281,0.614,0,-7.571,1,0.0339,0.0339,0.000151,0.101,0.0409,155.655,301053,4
Cocteau Twins,Four-Calendar Cafe,https://i.scdn.co/image/ab67616d0000b2735d4246bc9ee45258e5ef1747,1993,Know Who You Are At Every Age,0,0.599,0.525,4,-12.568,0,0.0281,0.0054,0.0,0.0843,0.617,111.656,218760,4
Cocteau Twins,Four-Calendar Cafe,https://i.scdn.co/image/ab67616d0000b2735d4246bc9ee45258e5ef1747,1993,Evangeline,1,0.485,0.482,0,-11.004,1,0.0257,0.117,0.000254,0.385,0.446,103.934,269227,4
Cocteau Twins,Four-Calendar Cafe,https://i.scdn.co/image/ab67616d0000b2735d4246bc9ee45258e5ef1747,1993,Bluebeard,2,0.467,0.657,4,-9.756,1,0.0315,0.00788,0.0,0.161,0.507,94.892,234893,4
Cocteau Twins,Four-Calendar Cafe,https://i.scdn.co/image/ab67616d0000b2735d4246bc9ee45258e5ef1747,1993,"Theft, And Wandering Around Lost",3,0.417,0.494,0,-12.059,0,0.0297,0.509,0.0748,0.0889,0.436,149.803,270000,3
Cocteau Twins,Four-Calendar Cafe,https://i.scdn.co/image/ab67616d0000b2735d4246bc9ee45258e5ef1747,1993,Oil Of Angels,4,0.716,0.316,5,-14.305,1,0.0333,0.0929,0.00162,0.0946,0.345,119.885,277507,4
Cocteau Twins,Four-Calendar Cafe,https://i.scdn.co/image/ab67616d0000b2735d4246bc9ee45258e5ef1747,1993,Squeeze-Wax,5,0.47,0.58,0,-10.822,1,0.025,0.118,1.14e-06,0.158,0.601,94.907,228400,4
Cocteau Twins,Four-Calendar Cafe,https://i.scdn.co/image/ab67616d0000b2735d4246bc9ee45258e5ef1747,1993,My Truth,6,0.415,0.347,9,-14.819,1,0.0447,0.25,0.0104,0.106,0.57,174.95,272267,3
Cocteau Twins,Four-Calendar Cafe,https://i.scdn.co/image/ab67616d0000b2735d4246bc9ee45258e5ef1747,1993,Essence,7,0.186,0.277,6,-15.999,0,0.0326,0.339,0.623,0.32,0.038,139.683,181573,4
Cocteau Twins,Four-Calendar Cafe,https://i.scdn.co/image/ab67616d0000b2735d4246bc9ee45258e5ef1747,1993,Summerhead,8,0.449,0.618,7,-9.789,1,0.0273,0.05,8.46e-05,0.325,0.512,94.919,217467,4
Cocteau Twins,Four-Calendar Cafe,https://i.scdn.co/image/ab67616d0000b2735d4246bc9ee45258e5ef1747,1993,Pur,9,0.329,0.453,0,-13.104,1,0.0292,0.025,0.000248,0.0975,0.101,155.82,302507,4
Cocteau Twins,Four-Calendar Café,https://i.scdn.co/image/ab67616d0000b27375df4834dc3122fb8c8c11cf,1993,Know Who You Are At Every Age,0,0.583,0.676,4,-7.797,0,0.0271,0.00355,0.0,0.113,0.606,111.719,220480,4
Cocteau Twins,Four-Calendar Café,https://i.scdn.co/image/ab67616d0000b27375df4834dc3122fb8c8c11cf,1993,Evangeline,1,0.473,0.601,0,-7.118,1,0.027,0.141,9.02e-05,0.383,0.48,103.972,271373,4
Cocteau Twins,Four-Calendar Café,https://i.scdn.co/image/ab67616d0000b27375df4834dc3122fb8c8c11cf,1993,Bluebeard,2,0.451,0.759,4,-5.92,1,0.0309,0.0189,0.0,0.131,0.557,94.985,236453,4
Cocteau Twins,Four-Calendar Café,https://i.scdn.co/image/ab67616d0000b27375df4834dc3122fb8c8c11cf,1993,"Theft, And Wandering Around Lost",3,0.406,0.595,0,-8.313,0,0.0291,0.583,0.0302,0.101,0.466,149.947,271613,3
Cocteau Twins,Four-Calendar Café,https://i.scdn.co/image/ab67616d0000b27375df4834dc3122fb8c8c11cf,1993,Oil Of Angels,4,0.708,0.427,5,-9.186,1,0.0301,0.0831,0.00165,0.0976,0.367,119.953,279933,4
Cocteau Twins,Four-Calendar Café,https://i.scdn.co/image/ab67616d0000b27375df4834dc3122fb8c8c11cf,1993,Squeeze-Wax,5,0.468,0.695,0,-7.078,1,0.025,0.26,3.57e-06,0.178,0.629,94.94,229200,4
Cocteau Twins,Four-Calendar Café,https://i.scdn.co/image/ab67616d0000b27375df4834dc3122fb8c8c11cf,1993,My Truth,6,0.416,0.465,9,-10.161,1,0.0386,0.297,0.00658,0.0956,0.604,174.893,274480,3
Cocteau Twins,Four-Calendar Café,https://i.scdn.co/image/ab67616d0000b27375df4834dc3122fb8c8c11cf,1993,Essence,7,0.186,0.322,6,-11.748,0,0.0315,0.514,0.822,0.305,0.0377,99.84,183733,3
Cocteau Twins,Four-Calendar Café,https://i.scdn.co/image/ab67616d0000b27375df4834dc3122fb8c8c11cf,1993,Summerhead,8,0.437,0.698,7,-6.363,1,0.0279,0.0679,1.86e-05,0.21,0.561,95.003,219893,4
Cocteau Twins,Four-Calendar Café,https://i.scdn.co/image/ab67616d0000b27375df4834dc3122fb8c8c11cf,1993,Pur,9,0.28,0.588,0,-7.541,1,0.0343,0.0316,0.000203,0.104,0.0522,155.721,301053,4
Cocteau Twins,Four Calender Cafe,https://i.scdn.co/image/ab67616d0000b273a8523e0360eae5178b8ac698,1991,Know Who You Are At Every Age - Remastered 2006,0,0.585,0.675,4,-7.79,0,0.027,0.00368,1.8e-06,0.132,0.634,111.708,217800,4
Cocteau Twins,Four Calender Cafe,https://i.scdn.co/image/ab67616d0000b273a8523e0360eae5178b8ac698,1991,Evangeline - Remastered 2006,1,0.47,0.587,0,-7.154,1,0.0276,0.125,7.28e-05,0.387,0.478,103.968,268693,4
Cocteau Twins,Four Calender Cafe,https://i.scdn.co/image/ab67616d0000b273a8523e0360eae5178b8ac698,1991,Bluebeard - Remastered 2006,2,0.448,0.756,4,-5.941,1,0.0315,0.0183,0.0,0.132,0.547,94.995,233773,4
Cocteau Twins,Four Calender Cafe,https://i.scdn.co/image/ab67616d0000b273a8523e0360eae5178b8ac698,1991,"Theft, And Wandering Around Lost - Remastered 2006",3,0.402,0.594,0,-8.323,0,0.0296,0.615,0.0293,0.106,0.459,149.962,268933,3
Cocteau Twins,Four Calender Cafe,https://i.scdn.co/image/ab67616d0000b273a8523e0360eae5178b8ac698,1991,Oil Of Angels - Remastered 2006,4,0.706,0.433,5,-9.207,1,0.0298,0.0738,0.00144,0.0996,0.364,119.96,277253,4
Cocteau Twins,Four Calender Cafe,https://i.scdn.co/image/ab67616d0000b273a8523e0360eae5178b8ac698,1991,Squeeze-Wax - Remastered 2006,5,0.463,0.684,0,-7.129,1,0.0251,0.258,3.89e-06,0.178,0.632,94.946,226520,4
Cocteau Twins,Four Calender Cafe,https://i.scdn.co/image/ab67616d0000b273a8523e0360eae5178b8ac698,1991,My Truth - Remastered 2006,6,0.421,0.472,9,-10.176,1,0.037,0.306,0.00706,0.0995,0.62,174.891,271800,3
Cocteau Twins,Four Calender Cafe,https://i.scdn.co/image/ab67616d0000b273a8523e0360eae5178b8ac698,1991,Essence - Remastered 2006,7,0.144,0.313,6,-11.874,0,0.0335,0.511,0.806,0.305,0.0367,140.493,181053,4
Cocteau Twins,Four Calender Cafe,https://i.scdn.co/image/ab67616d0000b273a8523e0360eae5178b8ac698,1991,Summerhead - Remastered 2006,8,0.439,0.71,7,-6.366,1,0.028,0.0681,2.27e-05,0.207,0.563,94.991,217213,4
Cocteau Twins,Four Calender Cafe,https://i.scdn.co/image/ab67616d0000b273a8523e0360eae5178b8ac698,1991,Pur - Remastered 2006,9,0.281,0.614,0,-7.571,1,0.0339,0.0339,0.000151,0.101,0.0409,155.655,301053,4
Cocteau Twins,Heaven or Las Vegas,https://i.scdn.co/image/ab67616d0000b2732be08c60dcb4b5608abbe61e,1990,Cherry-coloured Funk,0,0.49,0.652,2,-5.813,1,0.0274,0.00196,6.24e-05,0.0991,0.339,90.085,192467,4
Cocteau Twins,Heaven or Las Vegas,https://i.scdn.co/image/ab67616d0000b2732be08c60dcb4b5608abbe61e,1990,Pitch the Baby,1,0.478,0.821,7,-6.729,0,0.0407,0.438,0.324,0.559,0.975,178.131,194080,4
Cocteau Twins,Heaven or Las Vegas,https://i.scdn.co/image/ab67616d0000b2732be08c60dcb4b5608abbe61e,1990,Iceblink Luck,2,0.396,0.812,9,-5.704,1,0.0331,7.19e-05,0.0117,0.328,0.5,102.151,198667,4
Cocteau Twins,Heaven or Las Vegas,https://i.scdn.co/image/ab67616d0000b2732be08c60dcb4b5608abbe61e,1990,Fifty-fifty Clown,3,0.481,0.694,0,-7.38,0,0.0272,0.0488,0.0738,0.111,0.374,180.117,190213,3
Cocteau Twins,Heaven or Las Vegas,https://i.scdn.co/image/ab67616d0000b2732be08c60dcb4b5608abbe61e,1990,Heaven or Las Vegas,4,0.202,0.804,7,-5.465,1,0.0383,6.97e-05,0.00775,0.081,0.418,179.911,298400,4
Cocteau Twins,Heaven or Las Vegas,https://i.scdn.co/image/ab67616d0000b2732be08c60dcb4b5608abbe61e,1990,I Wear Your Ring,5,0.451,0.839,2,-5.481,0,0.0286,0.121,0.00185,0.144,0.608,140.032,209347,4
Cocteau Twins,Heaven or Las Vegas,https://i.scdn.co/image/ab67616d0000b2732be08c60dcb4b5608abbe61e,1990,Fotzepolitic,6,0.311,0.731,7,-7.213,1,0.0414,1.6e-05,0.44,0.117,0.133,66.748,210933,4
Cocteau Twins,Heaven or Las Vegas,https://i.scdn.co/image/ab67616d0000b2732be08c60dcb4b5608abbe61e,1990,Wolf in the Breast,7,0.53,0.781,9,-4.532,1,0.0326,0.0187,8.78e-06,0.0846,0.728,113.085,211200,4
Cocteau Twins,Heaven or Las Vegas,https://i.scdn.co/image/ab67616d0000b2732be08c60dcb4b5608abbe61e,1990,"Road, River and Rail",8,0.138,0.648,0,-5.451,1,0.0322,0.000184,0.227,0.098,0.333,95.032,201147,3
Cocteau Twins,Heaven or Las Vegas,https://i.scdn.co/image/ab67616d0000b2732be08c60dcb4b5608abbe61e,1990,Frou-frou Foxes in Midsummer Fires,9,0.405,0.619,10,-6.003,1,0.0264,0.00996,9.02e-05,0.212,0.243,160.074,338053,4
Cocteau Twins,Blue Bell Knoll,https://i.scdn.co/image/ab67616d0000b2739d0ea9ee0691f10c93aec202,1988,Blue Bell Knoll,0,0.415,0.806,0,-6.414,0,0.031,0.022,0.0197,0.123,0.428,110.09,201507,4
Cocteau Twins,Blue Bell Knoll,https://i.scdn.co/image/ab67616d0000b2739d0ea9ee0691f10c93aec202,1988,Athol-brose,1,0.247,0.625,5,-5.838,1,0.0472,0.000549,0.879,0.125,0.354,120.277,179280,4
Cocteau Twins,Blue Bell Knoll,https://i.scdn.co/image/ab67616d0000b2739d0ea9ee0691f10c93aec202,1988,Carolyn's Fingers,2,0.37,0.653,7,-9.338,1,0.0319,0.0146,0.0116,0.177,0.556,92.551,186307,1
Cocteau Twins,Blue Bell Knoll,https://i.scdn.co/image/ab67616d0000b2739d0ea9ee0691f10c93aec202,1988,For Phoebe Still A Baby,3,0.555,0.798,0,-6.069,1,0.0264,0.151,0.00023,0.101,0.551,113.106,194827,4
Cocteau Twins,Blue Bell Knoll,https://i.scdn.co/image/ab67616d0000b2739d0ea9ee0691f10c93aec202,1988,The Itchy Glowbo Blow,4,0.418,0.752,2,-5.458,0,0.0369,0.000532,0.00576,0.0427,0.463,120.165,198773,4
Cocteau Twins,Blue Bell Knoll,https://i.scdn.co/image/ab67616d0000b2739d0ea9ee0691f10c93aec202,1988,Cico Buff,5,0.511,0.566,0,-9.978,1,0.0278,0.389,0.000526,0.192,0.363,134.132,226293,4
Cocteau Twins,Blue Bell Knoll,https://i.scdn.co/image/ab67616d0000b2739d0ea9ee0691f10c93aec202,1988,Suckling The Mender,6,0.482,0.919,0,-4.871,1,0.0289,0.261,0.00681,0.177,0.519,107.58,211173,4
Cocteau Twins,Blue Bell Knoll,https://i.scdn.co/image/ab67616d0000b2739d0ea9ee0691f10c93aec202,1988,Spooning Good Singing Gum,7,0.308,0.674,9,-4.939,1,0.0309,0.049,0.54,0.0741,0.325,199.995,230280,4
Cocteau Twins,Blue Bell Knoll,https://i.scdn.co/image/ab67616d0000b2739d0ea9ee0691f10c93aec202,1988,A Kissed Out Red Floatboat,8,0.485,0.945,9,-3.757,1,0.0376,0.16,0.0792,0.0777,0.972,90.046,250200,4
Cocteau Twins,Blue Bell Knoll,https://i.scdn.co/image/ab67616d0000b2739d0ea9ee0691f10c93aec202,1988,Ella Megalast Burls Forever,9,0.333,0.651,0,-4.306,1,0.0327,0.117,7.72e-05,0.361,0.393,80.125,219747,4
Cocteau Twins,The Moon and the Melodies,https://i.scdn.co/image/ab67616d0000b2732bace4cf1388fa974fcdc14c,1986,"Sea, Swallow Me",0,0.454,0.673,0,-13.425,1,0.0265,0.589,0.238,0.252,0.827,163.954,189040,3
Cocteau Twins,The Moon and the Melodies,https://i.scdn.co/image/ab67616d0000b2732bace4cf1388fa974fcdc14c,1986,Memory Gongs,1,0.247,0.174,3,-18.786,1,0.037,0.946,0.879,0.188,0.0385,115.977,447533,4
Cocteau Twins,The Moon and the Melodies,https://i.scdn.co/image/ab67616d0000b2732bace4cf1388fa974fcdc14c,1986,Why Do You Love Me?,2,0.0844,0.154,1,-21.651,1,0.0365,0.985,0.775,0.0471,0.179,74.046,291600,4
Cocteau Twins,The Moon and the Melodies,https://i.scdn.co/image/ab67616d0000b2732bace4cf1388fa974fcdc14c,1986,Eyes Are Mosaics,3,0.443,0.441,0,-14.239,1,0.0346,0.0318,0.00286,0.0953,0.384,121.423,249933,3
Cocteau Twins,The Moon and the Melodies,https://i.scdn.co/image/ab67616d0000b2732bace4cf1388fa974fcdc14c,1986,She Will Destroy You,4,0.192,0.425,0,-14.574,1,0.0361,0.27,0.184,0.214,0.136,159.614,257867,3
Cocteau Twins,The Moon and the Melodies,https://i.scdn.co/image/ab67616d0000b2732bace4cf1388fa974fcdc14c,1986,The Ghost Has No Home,5,0.205,0.0263,11,-26.887,1,0.0399,0.96,0.949,0.0916,0.0532,114.035,455800,4
Cocteau Twins,The Moon and the Melodies,https://i.scdn.co/image/ab67616d0000b2732bace4cf1388fa974fcdc14c,1986,Bloody And Blunt,6,0.455,0.133,0,-18.619,1,0.0381,0.988,0.799,0.136,0.353,96.822,133200,5
Cocteau Twins,The Moon and the Melodies,https://i.scdn.co/image/ab67616d0000b2732bace4cf1388fa974fcdc14c,1986,"Ooze Out And Away, Onehow",7,0.487,0.255,0,-17.302,1,0.0393,0.744,0.669,0.104,0.0765,101.907,221280,1
Cocteau Twins,Victorialand,https://i.scdn.co/image/ab67616d0000b273f5947222ca227a92c6d6ced7,1986,Lazy Calm,0,0.174,0.266,11,-14.468,0,0.0334,0.986,0.922,0.102,0.0718,82.726,394560,4
Cocteau Twins,Victorialand,https://i.scdn.co/image/ab67616d0000b273f5947222ca227a92c6d6ced7,1986,Fluffy Tufts,1,0.392,0.202,6,-17.35,0,0.0357,0.952,0.00802,0.218,0.25,99.805,185667,4
Cocteau Twins,Victorialand,https://i.scdn.co/image/ab67616d0000b273f5947222ca227a92c6d6ced7,1986,Throughout The Dark Months Of April And May,2,0.344,0.0814,7,-21.227,1,0.0382,0.821,0.00597,0.16,0.145,170.078,184960,3
Cocteau Twins,Victorialand,https://i.scdn.co/image/ab67616d0000b273f5947222ca227a92c6d6ced7,1986,Whales Tails,3,0.208,0.234,7,-16.25,0,0.0314,0.98,0.954,0.123,0.0676,94.813,196467,4
Cocteau Twins,Victorialand,https://i.scdn.co/image/ab67616d0000b273f5947222ca227a92c6d6ced7,1986,Oomingmak,4,0.498,0.406,11,-13.506,0,0.0415,0.74,0.514,0.317,0.908,119.272,162507,4
Cocteau Twins,Victorialand,https://i.scdn.co/image/ab67616d0000b273f5947222ca227a92c6d6ced7,1986,Little Spacey,5,0.336,0.345,2,-13.359,1,0.0296,0.93,0.00175,0.232,0.287,171.688,205960,3
Cocteau Twins,Victorialand,https://i.scdn.co/image/ab67616d0000b273f5947222ca227a92c6d6ced7,1986,Feet-like Fins,6,0.172,0.372,7,-14.052,1,0.0385,0.246,0.000115,0.088,0.102,123.416,206333,5
Cocteau Twins,Victorialand,https://i.scdn.co/image/ab67616d0000b273f5947222ca227a92c6d6ced7,1986,How To Bring A Blush To The Snow,7,0.258,0.311,9,-14.855,0,0.0363,0.924,0.725,0.173,0.214,200.514,230133,4
Cocteau Twins,Victorialand,https://i.scdn.co/image/ab67616d0000b273f5947222ca227a92c6d6ced7,1986,The Thinner The Air,8,0.491,0.302,0,-12.898,0,0.0321,0.754,0.971,0.112,0.0729,89.837,196133,4
Cocteau Twins,The Pink Opaque,https://i.scdn.co/image/ab67616d0000b273cd068fac72b6d47db614b2db,1986,The Spangle Maker,0,0.478,0.556,0,-11.863,1,0.0345,7.9e-05,0.883,0.324,0.34,196.158,280107,4
Cocteau Twins,The Pink Opaque,https://i.scdn.co/image/ab67616d0000b273cd068fac72b6d47db614b2db,1986,Millimillenary,1,0.46,0.545,1,-12.406,0,0.0336,6.28e-05,0.00241,0.174,0.651,178.075,220067,4
Cocteau Twins,The Pink Opaque,https://i.scdn.co/image/ab67616d0000b273cd068fac72b6d47db614b2db,1986,Wax And Wane - Remixed,2,0.488,0.463,1,-13.176,1,0.0292,0.00025,0.928,0.198,0.359,100.496,231733,4
Cocteau Twins,The Pink Opaque,https://i.scdn.co/image/ab67616d0000b273cd068fac72b6d47db614b2db,1986,Hitherto,3,0.241,0.709,10,-9.925,1,0.0661,2.91e-05,0.818,0.272,0.346,126.058,232187,3
Cocteau Twins,The Pink Opaque,https://i.scdn.co/image/ab67616d0000b273cd068fac72b6d47db614b2db,1986,"Pearly-Dewdrops' Drops - 7"" Version",4,0.396,0.418,2,-13.298,1,0.0299,1.07e-05,2.31e-05,0.121,0.397,179.583,250800,3
Cocteau Twins,The Pink Opaque,https://i.scdn.co/image/ab67616d0000b273cd068fac72b6d47db614b2db,1986,From the Flagstones,5,0.207,0.771,9,-9.736,1,0.0433,0.000279,0.45,0.308,0.161,79.894,218000,4
Cocteau Twins,The Pink Opaque,https://i.scdn.co/image/ab67616d0000b273cd068fac72b6d47db614b2db,1986,Aikea-Guinea,6,0.318,0.797,2,-9.696,1,0.0465,0.0081,0.0291,0.242,0.387,171.265,237960,4
Cocteau Twins,The Pink Opaque,https://i.scdn.co/image/ab67616d0000b273cd068fac72b6d47db614b2db,1986,Lorelei,7,0.373,0.679,0,-9.195,1,0.0393,7.83e-05,0.116,0.247,0.42,90.974,223267,4
Cocteau Twins,The Pink Opaque,https://i.scdn.co/image/ab67616d0000b273cd068fac72b6d47db614b2db,1986,Pepper-Tree,8,0.393,0.448,10,-16.445,1,0.0363,0.748,0.0362,0.169,0.196,180.526,238227,3
Cocteau Twins,The Pink Opaque,https://i.scdn.co/image/ab67616d0000b273cd068fac72b6d47db614b2db,1986,Musette And Drums,9,0.341,0.95,5,-6.917,1,0.154,3.73e-05,0.834,0.764,0.0444,101.742,279733,3
Cocteau Twins,Treasure,https://i.scdn.co/image/ab67616d0000b27352e7f2cda55ec809a9f00e1f,1984,Ivo,0,0.338,0.677,2,-11.843,1,0.0453,0.0131,0.00162,0.105,0.223,187.631,233160,3
Cocteau Twins,Treasure,https://i.scdn.co/image/ab67616d0000b27352e7f2cda55ec809a9f00e1f,1984,Lorelei,1,0.373,0.679,0,-9.195,1,0.0393,7.83e-05,0.116,0.247,0.42,90.974,223267,4
Cocteau Twins,Treasure,https://i.scdn.co/image/ab67616d0000b27352e7f2cda55ec809a9f00e1f,1984,Beatrix,2,0.185,0.277,5,-13.56,0,0.0328,0.66,0.0101,0.235,0.27,141.397,192000,3
Cocteau Twins,Treasure,https://i.scdn.co/image/ab67616d0000b27352e7f2cda55ec809a9f00e1f,1984,Persephone,3,0.542,0.727,9,-9.522,1,0.0355,0.000125,0.00316,0.0863,0.603,108.974,260427,3
Cocteau Twins,Treasure,https://i.scdn.co/image/ab67616d0000b27352e7f2cda55ec809a9f00e1f,1984,Pandora (for Cindy),4,0.445,0.555,0,-9.919,1,0.0292,0.26,0.37,0.105,0.208,158.259,335307,3
Cocteau Twins,Treasure,https://i.scdn.co/image/ab67616d0000b27352e7f2cda55ec809a9f00e1f,1984,Amelia,5,0.24,0.659,3,-10.473,1,0.0389,0.000224,0.371,0.0791,0.402,176.574,211667,3
Cocteau Twins,Treasure,https://i.scdn.co/image/ab67616d0000b27352e7f2cda55ec809a9f00e1f,1984,Aloysius,6,0.567,0.708,8,-11.528,1,0.0257,0.00162,0.002,0.0495,0.744,97.689,206667,4
Cocteau Twins,Treasure,https://i.scdn.co/image/ab67616d0000b27352e7f2cda55ec809a9f00e1f,1984,Cicely,7,0.327,0.626,2,-10.412,0,0.033,0.0322,0.0143,0.0705,0.407,101.837,209533,3
Cocteau Twins,Treasure,https://i.scdn.co/image/ab67616d0000b27352e7f2cda55ec809a9f00e1f,1984,Otterley,8,0.149,0.205,7,-19.86,0,0.0356,0.919,0.916,0.108,0.0436,95.126,244067,4
Cocteau Twins,Treasure,https://i.scdn.co/image/ab67616d0000b27352e7f2cda55ec809a9f00e1f,1984,Donimo,9,0.358,0.402,0,-11.978,1,0.0289,0.0361,0.734,0.0845,0.102,87.66,379067,4
Cocteau Twins,Head Over Heels,https://i.scdn.co/image/ab67616d0000b273dd69a64d46d35725c47df19c,1983,When Mama Was Moth,0,0.17,0.502,1,-10.534,1,0.0487,0.000112,0.632,0.16,0.0477,115.925,186333,4
Cocteau Twins,Head Over Heels,https://i.scdn.co/image/ab67616d0000b273dd69a64d46d35725c47df19c,1983,Five Ten Fiftyfold,1,0.308,0.744,0,-8.617,1,0.0522,0.000115,0.27,0.294,0.164,90.02,299627,3
Cocteau Twins,Head Over Heels,https://i.scdn.co/image/ab67616d0000b273dd69a64d46d35725c47df19c,1983,Sugar Hiccup,2,0.0999,0.866,2,-10.024,1,0.11,7.62e-05,0.975,0.226,0.15,169.427,221467,3
Cocteau Twins,Head Over Heels,https://i.scdn.co/image/ab67616d0000b273dd69a64d46d35725c47df19c,1983,In Our Angelhood,3,0.311,0.962,1,-7.799,0,0.0822,3.89e-06,0.929,0.334,0.0333,151.142,179733,4
Cocteau Twins,Head Over Heels,https://i.scdn.co/image/ab67616d0000b273dd69a64d46d35725c47df19c,1983,Glass Candle Grenades,4,0.177,0.637,0,-9.693,0,0.0722,1.5e-06,0.867,0.144,0.0401,116.648,164867,1
Cocteau Twins,Head Over Heels,https://i.scdn.co/image/ab67616d0000b273dd69a64d46d35725c47df19c,1983,In The Gold Dust Rush,5,0.466,0.851,4,-9.982,0,0.0662,1.14e-05,0.864,0.236,0.183,110.105,221360,4
Cocteau Twins,Head Over Heels,https://i.scdn.co/image/ab67616d0000b273dd69a64d46d35725c47df19c,1983,The Tinderbox (of A Heart),6,0.488,0.888,11,-10.307,1,0.0827,0.00955,0.702,0.259,0.0524,110.171,297267,3
Cocteau Twins,Head Over Heels,https://i.scdn.co/image/ab67616d0000b273dd69a64d46d35725c47df19c,1983,Multifoiled,7,0.254,0.813,2,-9.918,1,0.078,0.000889,0.577,0.128,0.145,179.56,156200,3
Cocteau Twins,Head Over Heels,https://i.scdn.co/image/ab67616d0000b273dd69a64d46d35725c47df19c,1983,My Love Paramour,8,0.432,0.828,0,-8.78,1,0.0642,0.000141,0.0875,0.102,0.262,88.488,219507,4
Cocteau Twins,Head Over Heels,https://i.scdn.co/image/ab67616d0000b273dd69a64d46d35725c47df19c,1983,Musette And Drums,9,0.341,0.95,5,-6.917,1,0.154,3.73e-05,0.834,0.764,0.0444,101.742,279733,3
Cocteau Twins,Garlands,https://i.scdn.co/image/ab67616d0000b273d4fdba5317189abd48dae652,1982,Blood Bitch,0,0.274,0.917,0,-7.381,1,0.0695,0.109,0.966,0.12,0.319,204.566,274893,4
Cocteau Twins,Garlands,https://i.scdn.co/image/ab67616d0000b273d4fdba5317189abd48dae652,1982,Wax And Wane,1,0.593,0.758,2,-6.809,0,0.0494,0.0025,0.0928,0.137,0.572,99.801,244000,4
Cocteau Twins,Garlands,https://i.scdn.co/image/ab67616d0000b273d4fdba5317189abd48dae652,1982,But I'm Not,2,0.428,0.854,4,-6.749,1,0.117,0.0202,0.733,0.165,0.211,134.621,165040,4
Cocteau Twins,Garlands,https://i.scdn.co/image/ab67616d0000b273d4fdba5317189abd48dae652,1982,Blind Dumb Deaf,3,0.457,0.937,0,-5.569,1,0.0575,0.0358,0.918,0.368,0.4,95.353,226867,3
Cocteau Twins,Garlands,https://i.scdn.co/image/ab67616d0000b273d4fdba5317189abd48dae652,1982,Shallow Then Halo,4,0.452,0.654,0,-7.598,1,0.0375,0.0696,0.738,0.174,0.414,185.988,316800,3
Cocteau Twins,Garlands,https://i.scdn.co/image/ab67616d0000b273d4fdba5317189abd48dae652,1982,The Hollow Men,5,0.532,0.904,9,-7.213,0,0.11,0.218,0.874,0.0748,0.28,108.461,302000,4
Cocteau Twins,Garlands,https://i.scdn.co/image/ab67616d0000b273d4fdba5317189abd48dae652,1982,Garlands,6,0.483,0.942,0,-7.016,1,0.104,0.294,0.528,0.385,0.184,105.345,272093,4
Cocteau Twins,Garlands,https://i.scdn.co/image/ab67616d0000b273d4fdba5317189abd48dae652,1982,Grail Overfloweth,7,0.42,0.576,11,-8.018,1,0.0502,0.651,0.839,0.274,0.407,77.601,322573,3
Cocteau Twins,Cocteau Twins Singles Collection,https://i.scdn.co/image/ab67616d0000b273257b4897329941da53776273,1991,Dials,0,0.179,0.244,0,-18.735,1,0.0384,0.837,0.407,0.157,0.129,111.437,162293,4
Cocteau Twins,Cocteau Twins Singles Collection,https://i.scdn.co/image/ab67616d0000b273257b4897329941da53776273,1991,Crushed,1,0.478,0.588,5,-13.045,1,0.026,0.00946,0.00202,0.0586,0.351,99.712,200200,4
Cocteau Twins,Cocteau Twins Singles Collection,https://i.scdn.co/image/ab67616d0000b273257b4897329941da53776273,1991,High Monkey Monk,2,0.502,0.564,8,-14.427,1,0.041,0.255,0.000728,0.0865,0.634,138.081,189333,4
Cocteau Twins,Cocteau Twins Singles Collection,https://i.scdn.co/image/ab67616d0000b273257b4897329941da53776273,1991,Oomingmak - Instrumental,3,0.513,0.494,2,-14.031,1,0.0453,0.487,0.87,0.317,0.896,119.317,164133,4
